case_id,original,corrected
judgement_C_P_L_A_2788_2022,"2 The High Court allowed the writ petition against the concurrent orders of the Guardian Court and the appellate Court by holding inter alia that no third party, caregiver or guardian can be appointed a guardian in the stead of a biological parent of the child while the biological parent...","2 The High Court allowed the writ petition against the concurrent orders of the Guardian Court and the appellate Court by holding inter alia that no third party, caregiver or guardian can be appointed a guardian in the stead of a biological parent of the child while the biological parent..."
judgement_J_P_554_2023,"On the same day, the petitioner and acquitted co-accused were arrested by Ghulam Saboor Khan ASI, who recovered a Kalashnikov bearing No. Upon the arrest of the petitioner and the co-accused since acquitted, and completion of the investigation, separate reports under Section 173 Cr.P.C, in both the FIRs were submitted...","On the same day, the petitioner and acquitted co - accused were arrested by Ghulam Labor Khan ASI, who recovered a Kalashnikov bearing No. Upon the arrest of the petitioner and the co - accused since acquitted, and completion of the investigation, separate reports under Section 173 Cr. P. C, in both the Firs were submitted..."
judgement_Crl_P_L_A_1033_2025,"The brief facts of the case as alleged in the instant FIR are that on 03.04.2025 at 2320 hours, Abu Bakar the Deceased , aged 1516 years, was allegedly taken by the accused Basit to the Petitioner and accused Shahid. Learned counsel for the Petitioner contends that the Complainant has...","The brief facts of the case as alleged in the instant FIR are that on 03.04.2025 at 2320 hours, Abu Bakr the Deceased, aged 1516 years, was allegedly taken by the accused Basis to the Petitioner and accused Shahid. Learned counsel for the Petitioner contends that the Complainant has..."
judgement_Crl_P_L_A_1184_2025,"M azhar Ali Haider, Advocate in all cases For the State Syed Zulfiqar Abbas Naqvi, Special Prosecutor, Punjab Assisted by M r. M udassar H ussain M alik, ASC Dr. Chief Justice Judge Judge Islamabad, the 21st of August, 2025 Not approved for reporting.","M Azar Ali Harder, Advocate in all cases For the State Syed Cultivar Abbas Naevi, Special Prosecutor, Punjab Assisted by M r. M Vassar Hussain Malik, ASC Dr. Chief Justice Judge Islamabad, the 21st of August 2025 Not approved for reporting."
judgement_Crl_P_L_A_745_2025,"16268-B2025 Abid ...Petitioner Versus The State through Prosecutor General Punjab and another ...Respondents For the Petitioners Syed Khawar Ameer Bukhari, ASC Syed Rifaqat Hussain Shah, AOR For the State Mr. Judge Judge Judge Islamabad 09.07.2025 Khalid Approved for reporting","16268 - B2025 Acid... Petitioner Versus The State through Prosecutor General Punjab and another... Respondents For the Petitioners Syed Khazar Amber Bukhara, ASC Syed Rift Hussain Shah, AOR For the State Mr. Judge Islamabad 09.07.2025 Khalid Approved for reporting"
judgement_C_P_L_A_1107-L_2015,Marriage under Islamic law is regarded both as an act of devotion ibadat and a social transaction muamalat.,Marriage under Islamic law is regarded both as an act of devotion Ibadan and a social transaction mudflat.
judgement_Crl_P_L_A_1055_2025,The report of the firearm expert confirms that no empty was fired from the .30 bore pistol allegedly recovered from the Chalian has already been submitted in November 2024 but till date prosecution has not examined any witness at the trial. The petitioner g in judicial custody is no more...,The report of the firearm expert confirms that no empty was fired from the.30 bore pistol allegedly recovered from the Chadian has already been submitted in November 2024 but till date prosecution has not examined any witness at the trial. The petitioner g in judicial custody is no more...
judgement_Crl_A_351_2023,"Appeal Nos.351, 352 353 of 2023 3 accused, who disclosed his name as Saddam Kakar appellant. According to the prosecution s case, Azhar Hussain appellant inflicted a rod blow on the body of Abdul Rehman deceased, during the occurrence but none of the prosecution eyewitness had stated that Azhar Hsusain...","Appeal Nos.351, 352 353 of 2023 3 accused, who disclosed his name as Saddam Dakar appellant. According to the prosecution's case, Azar Hussain appellant inflicted a rod blow on the body of Abdul Rehman deceased, during the occurrence but none of the prosecution eyewitness had stated that Azar Hussain..."
judgement_Crl_P_L_A_585_2025,"JUSTICE SYED HASAN AZHAR RIZVI MR. The injuries attributed to both the petitioners were declared by the concerned Medical Officer to be punishable under section 337Aii PPC. JUDGE JUDGE Islamabad, the 2nd of September, 2025 Not Approved For Reporting","JUSTICE SYED HASAN AZAR RAVI MR. The injuries attributed to both the petitioners were declared by the concerned Medical Officer to be punishable under section 337Aii PPC. JUDGE Islamabad, the 2nd of September 2025 Not Approved For Reporting"
judgement_Crl_P_L_A_433_2025,"On December 14, 2022, at 830 p.m., the prosecution apprehended the petitioner from Kanan Sian Chowk. He shall be released forthwith if not required to be detained in any other case.","On December 14, 2022, at 830 p.m., the prosecution apprehended the petitioner from Kazan Sian Chow. He shall be released forthwith if not required to be detained in any other case."
judgement_C_P_L_A_385-L_2021,"This understanding underscores the importance of upholding justice and fairness within the legal system. According to section 25, in conjunction with section 26, the collection of court fees is mandated to be executed through the use of stamps. Judge Judge Lahore 22.08.2025, Irfan Aslam Libah Nadeem LC APPROVED FOR REPORTING...","This understanding underscores the importance of upholding justice and fairness within the legal system. According to section 25, in conjunction with section 26, the collection of court fees is mandated to be executed through the use of stamps. Judge Lahore 22.08.2025, Iran Islam Libau Nadeem LC APPROVED FOR REPORTING..."
judgement_Crl_P_L_A_39-K_2025,"This is a significant development that necessitates immediate attention. Any law suits with clients should be resorted to only to prevent injustice, imposition or fraud.","This is a significant development that necessitates immediate attention. Any lawsuits with clients should be resorted too only to prevent injustice, imposition or fraud."
judgement_C_A_1388_2017,We have heard the learned counsel for the parties and perused the material available on record. Chief Justice Judge Judge Islamabad 09.09.2025 Approved for Reporting Asif Bhatti,We have heard the learned counsel for the parties and perused the material available on record. Chief Justice Judge Islamabad 09.09.2025 Approved for Reporting Asif Bhakti
judgement_C_P_L_A_933-K_2023,"The aforesaid Civil Petitions are brought to challenge the consolidated judgment dated 21.03.2023, passed by the learned Division Bench of the High Court of Sindh, Circuit Court, Hyderabad, in C.Ps. No. The learned counsel for the petitioners argued that the learned High Court's finding that the matter contains disputed facts...","The aforesaid Civil Petitions are brought to challenge the consolidated judgment dated 21.03.2023, passed by the learned Division Bench of the High Court of Sindh, Circuit Court, Hyderabad, in C. Ps. No. The learned counsel for the petitioners argued that the learned High Court 's finding that the matter contains disputed facts..."
judgement_Crl_P_L_A_147-K_2025,"On the other hand, Mushtaq Abbasi, AIG Legal, Liaquat Ali, SHO, Boat Basin, Karachi and Waseem Ahmed, I.O of the FIR, present in Court, have supported the impugned order and submitted that in view of the proceedings before the judicial forums, wherein, no such directions were issued to the I.O...","On the other hand, Must Abbas, AIG Legal, Loquat Ali, SHO, Boat Basin, Karachi and Waseem Ahmed, I. O of the FIR, present in Court, have supported the impugned order and submitted that in view of the proceedings before the judicial forums, wherein, no such directions were issued to the I.O..."
judgement_Crl_P_L_A_1121_2021,"In this report, it is mentioned inter alia that on 15.11.2020, information was given to Rescue-15 as to the said land being occupied and that ASI, Rafaqat went to the site where he found respondent No.1 Cr1.PLA No.1121 of 2021 and his companions repairing a wall and raising its height....","In this report, it is mentioned inter alia that on 15.11.2020, information was given to Rescue-15 as to the said land being occupied and that ASI, Rafael went to the site where he found respondent No.1 Cr1.PLA No.1121 of 2021 and his companions repairing a wall and raising its height...."
judgement_Crl_P_L_A_219-P_2023,"The accused was examined under Section 342 Cr. The accused-petitioner challenged his conviction and sentence before the High Court through Cr.A No. 219-P of 2023 30.07.2022 and 16.11.2023 passed by the trial Court and High Court, respectively, are set aside Judge Judge Peshawar 12.08.2025 Judge Zia APPROVED FOR REPORTING Io","The accused was examined under Section 342 Cr. The accused - petitioner challenged his conviction and sentence before the High Court through Cr. A No. 219 - P of 2023 30.07.2022 and 16.11.2023 passed by the trial Court and High Court, respectively, are set aside Judge Peshawar 12.08.2025 Judge Via APPROVED FOR REPORTING Io"
judgement_C_P_L_A_78-K_2024,"609 of 2023 has been filed by, inter alia, Federation of Pakistan and thus, is beyond the scope of objection raised in the subject CMAs. Accordingly, once goods are assessed and cleared under the Customs Act, the recovery of sales tax or income tax, even if short-levied at the import...","609 of 2023 has been filed by, inter alia, Federation of Pakistan and thus, is beyond the scope of objection raised in the subject CMA 's. Accordingly, once goods are assessed and cleared under the Customs Act, the recovery of sales tax or income tax, even if short - levied at the import..."
judgement_C_A_101-K_2022,"argued that while enhancing the amount of compensation, both the courts below failed to consider the documents and evidence led in the matter, and without any lawful justification, the amount of compensation was enhanced. JUDGE JUDGE JUDGE Karachi 13t June, 2025 B-K Soomro Approved for reporting","Argued that while enhancing the amount of compensation, both the courts below failed to consider the documents and evidence led in the matter, and without any lawful justification, the amount of compensation was enhanced. JUDGE Karachi 13 t June 2025 B - K Sewer Approved for reporting"
judgement_C_P_L_A_407-K_2021,"It was further averred that if a contract appointment is made against a permanent post involving dutieswork of permanent nature through a transparent selection process, then it would be considered a regular appointment. Moreover, the Office Memorandum dated 20.05.2020, issued pursuant to Regulation 211 of the Regulations, was also challenged,...","It was further averred that if a contract appointment is made against a permanent post involving duties work of permanent nature through a transparent selection process, then it would be considered a regular appointment. Moreover, the Office Memorandum dated 20.05.2020, issued pursuant to Regulation 211 of the Regulations, was also challenged,..."
judgement_Crl_P_L_A_960_2025,Justice Athar Minallah Mr. The petitioner is alleged to have committed the offence under Section 489-F of PPC.,Justice Attar Finally Mr. The petitioner is alleged to have committed the offense under Section 489 - F of PPC.
judgement_C_P_L_A_1032-K_2025,"He stated that the present matter is a result of connivance among MFB, her attorney MA and GM with the sole intention to dispossess the present petitioners from the property. We have heard the learned counsel for the petitioners, gone through the impugned judgment and the law on the subject...","He stated that the present matter is a result of connivance among MFB, her attorney MA and GM with the sole intention to dispossess the present petitioners from the property. We have heard the learned counsel for the petitioners, gone through the impugned judgment and the law on the subject..."
judgement_Crl_A_343_2023,"The accused persons, thereafter fled away from the spot in their car, hence the FIR of this case. 5. They shall be released from the jail forthwith unless required to be detained in any other case. JUDGE JUDGE JUDGE Islamabad, the 10 of September, 2025 Not Approved For Reporting","The accused persons, thereafter fled away from the spot in their car, hence the FIR of this case. 5. They shall be released from the jail forthwith unless required to be detained in any other case. JUDGE Islamabad, the 10 of September 2025 Not Approved For Reporting"
judgement_C_P_L_A_5516_2024,"As respondent No.1 had conceded to the claim made by the petitioner, the latter s suit was decreed. The pleadings in the said application are consistent with those in Farooq Siddiqui s application.","As respondent No.1 had conceded to the claim made by the petitioner, the latter's suit was decreed. The pleadings in the said application are consistent with those in Farooq Siddiqui's application."
judgement_C_P_L_A_74_2025,"In execution proceedings, upon an application of Respondent No. It was, therefore, urged that the respondent no. Judge Judge Islamabad 20.08.2025 APPROVED FOR REPORTING Younus Shaikh, LC","In execution proceedings, upon an application of Respondent No. It was, therefore, urged that the respondent no. Judge Islamabad 20.08.2025 APPROVED FOR REPORTING You nus Shaikh, LC"
judgement_C_P_L_A_88-P_2022,"A, Having examined the case, the Court cannot remain indifferent to the systemic malaise of delay in the adjudication of cases.","A, Having examined the case, the Court can not remain indifferent to the systemic malaise of delay in the adjudication of cases."
judgement_C_P_L_A_147-K_2023,"The mandate given to it under the Constitution as well as the Service Tribunal Act, 1973, is to adjudicate upon all the matters relating to the terms and conditions of service of civil servants. Whereas, the terms and conditions of service of a Judge of the High Court are regulated...","The mandate given to it under the Constitution as well as the Service Tribunal Act, 1973, is to adjudicate upon all the matters relating to the terms and conditions of service of civil servants. Whereas, the terms and conditions of service of a Judge of the High Court are regulated..."
judgement_J_P_286_2020,"The presence of the complainant PW-5 with his real son at the time of occurrence is neither un-natural nor improbable. Benefit of section 382-B Cr.P.C, is also extended to the petitioner. JUDGE JUDGE Islamabad, the 034 of September, 2025 Not Approved For Reporting","The presence of the complainant PW-5 with his real son at the time of occurrence is neither unnatural nor improbable. Benefit of section 382 - B Cr. P. C, is also extended to the petitioner. JUDGE Islamabad, the 034 of September 2025 Not Approved For Reporting"
judgement_C_P_L_A_110_2023,"For the Respondents Mr. which is available at of the paper book proceedings commenced on the basis of the aforesaid show cause notice before the Collector, Collectorate of Customs Adjudication, Faisalabad, who, as stated above, is under an obligation to decide the case within 120 days as the Law then...","For the Respondents Mr. which is available at of the paper book proceedings commenced on the basis of the aforesaid show cause notice before the Collector, Collect orate of Customs Adjudication, Faisalabad, who, as stated above, is under an obligation to decide the case within 120 days as the Law then..."
judgement_C_A_209_2025,"The predecessor of respondents No.1 to 6 namely, Talib Civil Appeal No. Besides, Arshad Khan DW-5 identified the thumb impression on the agreement Exh.D-4 who had also admitted that the Iqgrarnama was executed after Juma prayer which means that on 04.12.2015 Altaf Hussain was in police custody and was brought...","The predecessor of respondents No.1 to 6 namely, Tali Civil Appeal No. Besides, Ar shad Khan DW-5 identified the thumb impression on the agreement Ex. D-4 who had also admitted that the Iqgrarnama was executed after Jump prayer which means that on 04.12.2015 Altar Hussain was in police custody and was brought..."
judgement_C_P_L_A_2313_2024,"1 and not in the name of the Deceased. 6. The Judgment passed in Civil Suit No. Judge Judge Islamabad 01.09.2025 APPROVED FOR REPORTING Younus Shaikh, LC","1 and not in the name of the Deceased. 6. The Judgment passed in Civil Suit No. Judge Islamabad 01.09.2025 APPROVED FOR REPORTING You nus Shaikh, LC"
judgement_C_P_L_A_5929_2024,"2. exemption from income tax under sub-clause 2i of clause 58 of Part-I of the Second Schedule to the Income Tax Ordinance, 2001 Chief Justice Judge Judge Islamabad 02.09.2025 Approved for Reporting","2. exemption from income tax under sub - clause 2i of clause 58 of Part - I of the Second Schedule to the Income Tax Ordinance, 2001 Chief Justice Judge Islamabad 02.09.2025 Approved for Reporting"
judgement_C_P_L_A_2555_2022,"After recording the petitioner s statement, the family court, vide order dated 08.11.2012 dissolved the marriage and proceeded to CPLA Nos.2555 2556 OF 2025 3 frame issues. The petitioner's appeal against the family court s said judgment and decree was dismissed by the appellate court vide judgment and decree dated...","After recording the petitioner's statement, the family court, vide order dated 08.11.2012 dissolved the marriage and proceeded to CPA Nos.2555 2556 OF 2025 3 frame issues. The petitioner 's appeal against the family court's said judgment and decree was dismissed by the appellate court vide judgment and decree dated..."
judgement_Crl_P_L_A_1144_2025,"During investigation, 164 Cr.P.C. After completion of investigation, the petitioner was remanded to the judicial custody. Judge Judge Islamabad 27 August 2025 Atif APPROVED FOR REPORTING","During investigation, 164 Cr. P.C. After completion of investigation, the petitioner was remanded to the judicial custody. Judge Islamabad 27 August 2025 AIF APPROVED FOR REPORTING"
judgement_C_P_L_A_3-K_2023,It was further contended that the registered Lease Deed dated 28.3.1992 was cancelled on account of alleged fake approval despite issuing challans for payment of renewal of lease charges since long.,It was further contended that the registered Lease Deed dated 28.3.1992 was cancelled on account of alleged fake approval despite issuing challahs for payment of renewal of lease charges since long.
judgement_J_P_375_2023,Although the prosecution alleged in the FIR that petitioner Mst. es Announced in open Court at Islamabad on ASAw Sept et pad Approved for reporting.,Although the prosecution alleged in the FIR that petitioner MST. ES Announced in open Court at Islamabad on Saw Sept et pad Approved for reporting.
judgement_J_P_541_2021,"They remained consistent on all material aspects of the case. Consequently this petition is dismissed and leave is refused. JUDGE JUDGE Islamabad, the 27'h of August, 2025 Approved For Reporting","They remained consistent on all material aspects of the case. Consequently, this petition is dismissed and leave is refused. JUDGE Islamabad, the 27'h of August 2025 Approved For Reporting"
judgement_Crl_P_L_A_868_2025,"The minor Ahmed subsequently died, whereupon, offence under Section 302 was added in this case vide zimni No. The petitioner is granted postarrest bail subject to his furnishing of bail bonds in the sum of Rs.100,000- with two sureties in the like amount to the satisfaction of the learned Trial...","The minor Ahmed subsequently died, whereupon, offense under Section 302 was added in this case vide mini No. The petitioner is granted postarrest bail subject to his furnishing of bail bonds in the sum of Rs.100,000- with two sureties in the like amount to the satisfaction of the learned Trial..."
judgement_C_P_L_A_3824_2023,"The applicant must prove fraud, misrepresentation, or Pakistan Railways through Chairman Pakistan Railways, Islamabad and another vy. The scope of application under Section 122 CPC is broader than Order IX Rule 13, CPC, as it is not limited to ex-parte decrees and can be invoked by non-parties9. 6. JUDGE JUDGE...","The applicant must prove fraud, misrepresentation, or Pakistan Railways through Chairman Pakistan Railways, Islamabad and another by. The scope of application under Section 122 CPC is broader than Order IX Rule 13, CPC, as it is not limited to expert decrees and can be invoked by non - parties9. 6. JUDGE..."
judgement_J_P_611_2022,"In default of payment of fine they shall further undergo one year S.I each. 4. According to the First Information Report FIR, the occurrence in the instant case took place on 31.03.2016 at about 1130 p.m. Islamabad 18.08.2025 M.Siraj Afridi PS Approved for Reporting","In default of payment of fine they shall further undergo one year S.I. each. 4. According to the First Information Report FIR, the occurrence in the instant case took place on 31.03.2016 at about 1130 p.m. Islamabad 18.08.2025 M. Siraj Africa PS Approved for Reporting"
judgement_J_P_614_2021,"About two 02 months prior to the occurrence, the abovementioned Mst. It was claim of the petitioner right from the start of this case that Muhammad Abbas deceased, who was brother-in-law of the petitioner, was the aggressor and he even earlier caused injuries with Churri to the brother of the...","About two 02 months prior to the occurrence, the abovementioned MST. It was claim of the petitioner right from the start of this case that Muhammad Abbas deceased, who was brother - in - law of the petitioner, was the aggressor and he even earlier caused injuries with Churr to the brother of the..."
judgement_C_P_L_A_706_2021,"Shoaib Muhammad, Superintendent, he fairly conceded that no such opportunity was provided to the petitioner during the course of the departmental inquiry. 6. Obviously, if the reply to the show cause notice is not found satisfactory, the employermanagementcompetent authority may decide to hold an inquiry into the allegations and may...","Shoal Muhammad, Superintendent, he fairly conceded that no such opportunity was provided to the petitioner during the course of the departmental inquiry. 6. Obviously, if the reply to the show cause notice is not found satisfactory, the employermanagementcompetent authority may decide to hold an inquiry into the allegations and may..."
judgement_J_P_252_2020,He had admitted that Rehmatappellant is sole son of 7. His father gave Mukka blow on her belly and then had thrown her on the other side.,He had admitted that Rehmatappellant is sole son of 7. His father gave Pukka blow on her belly and then had thrown her on the other side.
judgement_J_P_559_2017,"At about 6.30 p.m, Mst. The house of Mst. JUDGE JUDGE JUDGE Islamabad, the 20 of August, 2025 Not Approved For Reporting","At about 6.30 p.m, MST. The house of MST. JUDGE Islamabad, the 20 of August 2025 Not Approved For Reporting"
judgement_J_P_276_2019,"The occurrence in this case took place in the fields of village Amli-Ka Athar Shah. The said eyewitnesses being residents of a different village were chance witnesses, therefore, they were bound to prove the reason of their presence at the relevant time at the spot, which was situated in a...","The occurrence in this case took place in the fields of village Alaska Attar Shah. The said eyewitnesses being residents of a different village were chance witnesses, therefore, they were bound to prove the reason of their presence at the relevant time at the spot, which was situated in a..."
judgement_C_P_L_A_339-L_2023,"339-L of 2023 2 held that the amended assessment order was passed in haste and, consequently, was annulled and the matter was remanded by the Commissioner with direction to proceed afresh against the respondent. 4. The Commissioner of Income Tax, Lahore 2023 SCMR 1166.","339 - L of 2023 2 held that the amended assessment order was passed in haste and, consequently, was annulled, and the matter was remanded by the Commissioner with direction to proceed afresh against the respondent. 4. The Commissioner of Income Tax, Lahore 2023 SCMR 1166."
judgement_C_P_L_A_4-K_2025,"Manzoor Hussain Larik, ASC. Mr. Badaruddin Memon AHC Syed Tanveer Abbas Shah, AHC Mr. Judge Judge Judge Karachi 05.06.2025 Khalid Approved for reporting","Manor Hussain Lark, ASC. Mr. Badaruddin Demon AHC Syed Tan veer Abbas Shah, AHC Mr. Judge Karachi 05.06.2025 Khalid Approved for reporting"
judgement_Crl_P_L_A_966_2018,"The learned SPG concluded his arguments by stating that the evidence overwhelmingly establishes S.H s willful participation and justified the conviction. 8. At the very outset it is pertinent to mention that the petitioner-S.H has been released from jail after having served out his sentence, however, the learned counsel for...","The learned SPG concluded his arguments by stating that the evidence overwhelmingly establishes S. H's willful participation and justified the conviction. 8. At the very outset it is pertinent to mention that the petitioner - S. H has been released from jail after having served out his sentence, however, the learned counsel for..."
judgement_C_P_L_A_1002_2025,He further submits that the above referred judgment of the FST was implemented by the Islamabad High Court in W.P. No. in Muhammad Junaid Jalil Khan24th CTP Case. Judge Judge Judge Islamabad 19.06.2025 Approved for Reporting Tanveer Ahmed,He further submits that the above referred judgment of the FST was implemented by the Islamabad High Court in W.P. No. in Muhammad Jun aid Jail Khan24th CTP Case. Judge Islamabad 19.06.2025 Approved for Reporting Tan veer Ahmed
judgement_Crl_P_L_A_1408_2025,"JUSTICE SYED HASAN AZHAR RIZVI MR. The petitioner is granted postarrest bail subject to his furnishing bail bonds in the sum of Rs.200,000- with one surety in the like amount to the satisfaction of the learned Trial Court. JUDGE JUDGE Islamabad, the 2nd of September, 2025 Not os For Reporting","JUSTICE SYED HASAN AZAR RAVI MR. The petitioner is granted postarrest bail subject to his furnishing bail bonds in the sum of Rs.200,000- with one surety in the like amount to the satisfaction of the learned Trial Court. JUDGE Islamabad, the 2nd of September 2025 Not OS For Reporting"
Copy of JUDG__7489,"It is argued that it would amount to making the Vice Chancellor judge in his own cause which would lead to unsavoury, rather ON Shariat Petition No.32T of 1992 unacceptable consequences.","It is argued that it would amount to making the Vice Chancellor judge in his own cause which would lead to unsavory, rather ON Sharia Petition No.32 T of 1992 unacceptable consequences."
Copy of JUDG__52,"Reference No.03I of 2021 JUDGMENT MUHAMMAD NOOR MESKANZAI, CJ --- Appellants Muhammad Akram, Nasir Abbas and Qamar Hussain have called in question the legality, validity and propriety of the judgment dated 08.11.2021 handed down by the learned Additional Sessions Judge, Pindi Bhattian, whereby the learned trial Court held the appellants...","Reference No.03I of 2021 JUDGMENT MUHAMMAD NOOR MESKANZAI, CJ --- Appellants Muhammad Abram, Nasir Abbas and Qatar Hussain have called in question the legality, validity and propriety of the judgment dated 08.11.2021 handed down by the learned Additional Sessions Judge, Hindi Haitian, whereby the learned trial Court held the appellants..."
Copy of JUDG__16,"He, however, neither examined himself on oath nor did he examine any person as his defence witness. 4. 09 of 2023 against the conviction judgment dated 25.08.2023, passed by the learned trial Court, CRIMINAL REVISION NO.01-K of 2024 Juman Vs.","He, however, neither examined himself on oath nor did he examine any person as his defense witness. 4. 09 of 2023 against the conviction judgment dated 25.08.2023, passed by the learned trial Court, CRIMINAL REVISION NO.01 - K of 2024 Human Vs."
Copy of JUDG__67,"On 10.05.2018 respondent Muhammad Idrees was arrested and was sent up with the subsequent challan. After completing the legal formalities, a formal charge was framed against accusedMuhammad Idrees the respondent , to which he pleaded not guilty and claimed his trial. 4. JUSTICE KHADIM HUSSAIN M.SHAIKH JUDGE JUSTICE MUHAMMAD NOOR...","On 10.05.2018 respondent Muhammad IDDEES was arrested and was sent up with the subsequent challah. After completing the legal formalities, a formal charge was framed against accused Muhammad IDDEES the respondent, to which he pleaded not guilty and claimed his trial. 4. JUSTICE KARIM HUSSAIN M.SHAIKH JUDGE JUSTICE MUHAMMAD NOOR..."
Copy of JUDG__7,"Appeal No.05-K of 2024 pleaded false implication by the police on the direction of their superiors. 04-K of 2024 Lw 6 Cr. Appeal No.05-K of 2024 CHIEF JUSTICE Announced in open Court, Islamabad, May 09, 2025 Ajmal Approved for Reporting. Chief Justice","Appeal No.05 - K of 2024 pleaded false implication by the police on the direction of their superiors. 04 - K of 2024 Lw 6 Cr. Appeal No.05 - K of 2024 CHIEF JUSTICE Announced in open Court, Islamabad, May 09, 2025, Akmal Approved for Reporting. Chief Justice"
Copy of JUDG__17,"Ahmed Omer Shaikh and others 2021 SCMR 873, Akhtar Muhammad Vs. From a perusal of the record, it would be seen that the names of the appellants do not find place in the mursaila Ex.PA1 andor in FIR Ex.PA lodged on 23.11.2019 nor even descriptions such as structure, physique, complexion...","Ahmed Over Shaikh and others 2021 SCMR 873, Akhtar Muhammad Vs. From a perusal of the record, it would be seen that the names of the appellants do not find place in the Marsala Ex. PA1 ardor in FIR Ex. PA lodged on 23.11.2019 nor even descriptions such as structure, physique, complexion..."
Copy of JUDG__25,"During the scuffle one accused person fired upon Muhammad Danish who sustained injuries in his abdomen and fell down, then all the three armed persons entered the petrol pump, one person pointed pistol on the complainant s head while the others entered the room of petrol pump and took away...","During the scuffle one accused person fired upon Muhammad Danish who sustained injuries in his abdomen and fell down, then all the three armed persons entered the petrol pump, one person pointed pistol on the complainant's head while the others entered the room of petrol pump and took away..."
Copy of JUDG__9700,"and it was reported that there was no record in respect of them. Referring now to the evidence of P.W.1 Mohammad Ibrahim who was attracted on the noise of Chor Chor', he saw Mohammad Hussain P.W.4 and Mohammad Siddiq P.W.3 grappling with Ghulam Ali appellant who had a clock Ex.Pl...","And it was reported that there was no record in respect of them. Referring now to the evidence of P.W.1 Mohammad Ibrahim who was attracted on the noise of Chor ', he saw Mohammad Hussain P.W.4 and Mohammad Kiddie P.W.3 grappling with Ghulam Ali appellant who had a clock Ex. Pl..."
Copy of JUDG__84,Chu i cob y mS Rishe ba 45 Siege Me 7 wisp ig eS Ole NESS Las SL oA Ste a Val ex IS Siz She J SF wee a8 ltl 6 Cou OF 62 SSS Si bie UPS IM Pe Suz GZ Gedl VislFLb We SCS Suz Set Cue...,Chu i cob y ms Rise BA 45 Siege Me 7 wisp IG ES Ole NESS Las SL a Ste a Val ex IS Six She J SF wee a8 LTL 6 COU OF 62 SSS Si BIE UPS I 'm Pe Sub GO Gel Visible We SCS Sub Set Cue...
Copy of JUDG__74,"On the other hand, Article 142 deals with any specific case where the plaintiff while in possession of the property has been dispossessed, i.e., thrown out by somebody else, who has taken over possession or while in possession of the property, has discontinued the possession. Lastly, we want to make...","On the other hand, Article 142 deals with any specific case where the plaintiff while in possession of the property has been dispossessed, i.e., thrown out by somebody else, who has taken over possession or while in possession of the property, has discontinued the possession. Lastly, we want to make..."
Copy of JUDG__27,"Learned counsel for the appellant at the very outset contended that the prosecution has miserably failed to establish the guilt of the appellant beyond any shadow of doubt as the testimony of the prosecution witnesses, ocular account and medical report do not support the prosecution story, but the Trial Court...","Learned counsel for the appellant at the very outset contended that the prosecution has miserably failed to establish the guilt of the appellant beyond any shadow of doubt as the testimony of the prosecution witnesses, ocular account and medical report do not support the prosecution story, but the Trial Court..."
Copy of JUDG__1,"Delivery of possession and transfer of ownership of property to women etc 1 On conclusion of the proceedings under section 4, if the Ombudsperson finds that the complainant has been illegally deprived of ownership or possession of her property, he shall direct the Deputy Commissioner or a state functionary or...","Delivery of possession and transfer of ownership of property to women etc. 1 On conclusion of the proceedings under section 4, if the Ombudsperson finds that the complainant has been illegally deprived of ownership or possession of her property, he shall direct the Deputy Commissioner or a state functionary or..."
Copy of JUDG__103,"Khalida Nazia on her own had appeared before the learned Magistrate and got her statement recorded under section 164 Cr.P.C, claiming to be lawfully wedded wife of Abdul Hamidrespondent.","Khalid Nazi on her own had appeared before the learned Magistrate and got her statement recorded under section 164 Cr. P. C, claiming to be lawfully wedded wife of Abdul Hamid respondent."
Copy of JUDG__69,"Thereafter all the above three injured persons were shifted to hospital, but all of them succumbed to their injuries. The State vide impugned judgment dated 01.09.2020 as discussed in paragraph-l supra. 5. August 2021 JUSTICE KHADIM HUSSAIN M. SHAIKH JUDGE JUSTICE MUHAMMAD NOOR MESKANZAI CHIEF JUSTICE Khurram","Thereafter, all the above three injured persons were shifted to hospital, but all of them succumbed to their injuries. The State vide impugned judgment dated 01.09.2020 as discussed in paragraph - l supra. 5. August 2021 JUSTICE KARIM HUSSAIN M. SHAIKH JUDGE JUSTICE MUHAMMAD NOOR MESKANZAI CHIEF JUSTICE Hurrah"
Copy of JUDG__23,To understand the exact position regarding the impugned Section which pertains to the commission of we have to find out what is the meaning of zina as this term is also not defined in the Holy Quran.,To understand the exact position regarding the impugned Section which pertains to the commission of we have to find out what is the meaning of zinc as this term is also not defined in the Holy Quran.
Copy of JUDG__64,"Khuda Bux and others license at Ex.31D, photocopy of receipt at Ex.31E, and photocopy of license at Ex.31F in the name of deceased Muhammad Ismail, Ali Akbar WHC P.S.","Kinda BUX and others license at Ex.31D, photocopy of receipt at Ex.31E, and photocopy of license at Ex.31F in the name of deceased Muhammad Ismail, Ali Akbar WHC P.S."
Copy of JUDG__99,"Subsequently, on 27.04.2008 the investigation of the case was entrusted to IPSHO Tariq Nawaz, who prepared memo of disclosure 44148 Ex. JUSTICE SHAUKAT ALI RAKHSHANI JUSTICE SYED MUHAMMAD FAROOQ SHAH Quetta the December, 06 2018 M.Ajmal, Cr.A.No.08Q of 2009. 10","Subsequently, on 27.04.2008 the investigation of the case was entrusted to IPS HO Tariq Nawab, who prepared memo of disclosure 44148 Ex. JUSTICE SHANKAR ALI PAKISTANI JUSTICE SYED MUHAMMAD FAROOQ SHAH Quetta the December, 06 2018 M. Ajmal, Cr. A. No.08Q of 2009. 10"
Copy of JUDG__26,"The learned Additional Prosecutor General, Sindh, supporting the impugned judgments of both the learned Courts below, has contended that no enmity or animosity of the police officials, has been proved by the defence, therefore, per him, the contradictions and discrepancies in the prosecution case may be ignored and, that the...","The learned Additional Prosecutor General, Sindh, supporting the impugned judgments of both the learned Courts below, has contended that no enmity or animosity of the police officials, has been proved by the defense, therefore, per him, the contradictions and discrepancies in the prosecution case may be ignored and, that the..."
Copy of JUDG__6,"02-K of 2024 as inadmissible, further contended that the prosecution failed to prove the charge. 6. Mushtaq Ahmed Qazi, Additional Prosecutor General, Balochistan vehemently opposed the contentions raised by the learned counsel for the appellants and contended that the prosecution succeeded to prove the case against the appellants through cogent...","02 - K of 2024 as inadmissible, further contended that the prosecution failed to prove the charge. 6. Must Ahmed Nazi, Additional Prosecutor General, Balochistan vehemently opposed the contentions raised by the learned counsel for the appellants and contended that the prosecution succeeded to prove the case against the appellants through cogent..."
Copy of JUDG__7222,"The prosecution in all exumincd viyht witnesses. , ae wey ma i oy wa ound nda Ue ea, ca 14 18s ext, of his, personel ingpeee suopel not DepED us sychy Neither in hig ig io i Wp iy ESE ss ey it H ho ait inination under .342, Criminal,...","The prosecution in all examined light witnesses. Eye was ma i Obi - Wan found NDA UE Ea, ca 14 18s ext, of his, personal indeed super not Depend us such Neither in hi gig Io i WP in ESE ss a it H ho ait animation under.342, Criminal,..."
Copy of JUDG__98,"To act upon circumstantial evidence, the benchmark by the apex Court in the cases of IMRAN ALIAS DULLY AND ANOTHER VS. SHAUKAT ALI RAKHSHANI JUDGE DR. FIDA MUHAMMAD KHAN JUDGE Islamabad, the Dated 25 of October, 2019 khurram","To act upon circumstantial evidence, the benchmark by the apex Court in the cases of IMRAN ALIAS DULLY AND ANOTHER VS. SHANKAR ALI PAKISTANI JUDGE DR. FIDA MUHAMMAD KHAN JUDGE Islamabad, the Dated 25 of October 2019 hurrah"
Copy of JUDG__94,I did not call any body from my cell phone when we were locked in the washroom. It is correct that I could not identify the accused Muhammad Saleem.,I did not call anybody from my cell phone when we were locked in the washroom. It is correct that I could not identify the accused Muhammad Saleem.
Copy of JUDG__9545,"Zainab Jan, accused. Sadiq Hussain I.H.C PW.8 on 19-9-1981 took Mst.Zainab Jan to D.H.Q.Hospital, Abbottabad for medical examination. We frm Vx Ul meansunersr 4 fey Hon J vi Oh Geaniakend the I AVY 3S Kez Jalel tat Neon suds Mr Benn bt Win","Zainab Jan, accused. Sadiq Hussain I.H.C PW.8 on 19 - 9 - 1981 took MST. Zainab Jan to D.H.Q. Hospital, Abbottabad for medical examination. We FRM VX UL measurers 4 fey Hon J vi Oh Geaniakend the I AVY 3S Key Jael that Neon suds Mr. Bean BT Win"
Copy of JUDG__75,"The gist of prosecution witnesses is given below i PW-1 Abdul Wahab is complainant. They neither opted to make their statement under section 3402 of the Code of Criminal Procedure, 1898 nor produced evidence in their defence. 7. Arguments heard.","The gist of prosecution witnesses is given below i PW-1 Abdul Ahab is complainant. They neither opted to make their statement under section 3402 of the Code of Criminal Procedure, 1898 nor produced evidence in their defense. 7. Arguments heard."
Copy of JUDG__54,"Government of N.W.F.P. Counsel for the petitioner Counsel for the Federal Government Counsel for the Provincial Government ... Date of Institution of Petition Date of Hearing Date of Judgment KKKKK RESPONDENTS Mr. SYED MUHAMMAD ANWER JUSTICE MUHAMMAD NOOR MESKANZAI, CHIEF JUSTICE JUSTICE KHADIM HUSSAIN M. SHAIKH Dated the 07' February,...","Government of N.W.F.P. Counsel for the petitioner Counsel for the Federal Government Counsel for the Provincial Government... Date of Institution of Petition Date of Hearing Date of Judgment KKKKK RESPONDENTS Mr. SYED MUHAMMAD ANSWER JUSTICE MUHAMMAD NOOR MESKANZAI, CHIEF JUSTICE KARIM HUSSAIN M. SHAIKH Dated the 07 ' February,..."
Copy of JUDG__85,"The said order dated 18.04.2018 was challenged through Cr. Shakeela Bibi had filed application us 265-K Cr.P.C which was dismissed on 20.05.2017 by the learned A.S.J. West Islamabad. MUHAMMAD NOOR MESKANZAI SYED MUHAMMAD FAROOQ SHAH CHIEF JUSTICE JUDGE Approved for reporting Islamabad February 13th, 2020. Ajmay. of 10","The said order dated 18.04.2018 was challenged through Cr. Shaheena Bibi had filed application us 265 - K Cr. P. C which was dismissed on 20.05.2017 by the learned A.S.J. West Islamabad. MUHAMMAD NOOR MESKANZAI SYED MUHAMMAD FAROOQ SHAH CHIEF JUSTICE JUDGE Approved for reporting Islamabad February 13th, 2020. Ajay. Of 10"
Copy of JUDG__77,Two small circular wounds of entry on left lumber region with no wounds of exit. Time since death about 4-5 hours. JUSTICE KHADIM HUSSAIN M. SHAIKH JUDGE JUSTICE MUHAMMAD NOOR MESKANZAIl CHIEF JUSTICE Khurram,Two small circular wounds of entry on left lumber region with no wounds of exit. Time since death about 4â€“5 hours. JUSTICE KARIM HUSSAIN M. SHAIKH JUDGE JUSTICE MUHAMMAD NOOR MESKANZAIl CHIEF JUSTICE Hurrah
Copy of JUDG__49,"The relevant sections of Chapter-II are reproduced herein below CHAPTER-II OF PETITIONS Form and Contents of Petition-1 Every petition shalld describe the law which is considered to be repugnant to the Injunctions of Islam e state the number of article, section, clause, paragraph, provision, or provisions of a law which...","The relevant sections of Chapter - II are reproduced herein below CHAPTER - II OF PETITIONS Form and Contents of Petition-1 Every petition shall describe the law which is considered to be repugnant to the Injunctions of Islam e state the number of article, section, clause, paragraph, provision, or provisions of a law which..."
Copy of JUDG__62,"The total number of paragraphs in the First Edition, which were numbered to give the sense that each paragraph contains some principles of Islamic law, was 228 but now it contains 375 paragraphs.","The total number of paragraphs in the First Edition, which were numbered to give the sense that each paragraph contains some principles of Islamic law, was 228, but now it contains 375 paragraphs."
Copy of JUDG__10,"Haneefa and Mst. Haleema. He dispatched the case property to Chemical Examiner laboratory Rohri, vide road certificate through ASI Imdad. JUSTICE AMEER MUHAMMAD KHAN JUDGE JUSTICE IQBAL HAMEEDUR RAHMAN CHIEF JUSTICE Dated, Islamabad the Salman","Handed and MST. Hakeem. He dispatched the case property to Chemical Examiner laboratory Lori, vide road certificate through ASI Dad. JUSTICE AMBER MUHAMMAD KHAN JUDGE JUSTICE IQBAL HAMMER RAHMAN CHIEF JUSTICE Dated, Islamabad the Salman"
Copy of JUDG__91,"Thereafter, Faryad Ali, Sub-Inspector of said police station reached at the place of occurrence, to whom the case property was handed over alongwith other documents, who conducted the investigation after preparation of the site plan.","Thereafter, Farad Ali, Sub - Inspector of said police station reached at the place of occurrence, to whom the case property was handed over along with other documents, who conducted the investigation after preparation of the site plan."
Copy of JUDG__13,"Atta Muhammad, Law Officer, IG Prison KP Mr. The appellant challenged his conviction and sentence before the Lahore High Court, Rawalpindi Bench, Rawalpindi through an appeal, which was dismissed and the petitioner was additionally convicted under Section 302b PPC and sentenced him to death on that score as well. SYED...","Alta Muhammad, Law Officer, IG Prison KP Mr. The appellant challenged his conviction and sentence before the Lahore High Court, Rawalpindi Bench, Rawalpindi through an appeal, which was dismissed, and the petitioner was additionally convicted under Section 302b PPC and sentenced him to death on that score as well. SYED..."
Copy of JUDG__33,Gy Sp ut S5 Ges Ot Us se lly Dib 55 Ue Cee HS O55,Gy SP UT S5 Ge 's OT Us see fly Did 55 UE CEE HS O55
Copy of JUDG__9,"02-k of 2019 occurrence, beside four empties of pistol 30-bore and one live bullet from the place of occurrence, took the same into custody and sealed vide mashirnamas, he also inspected the place of occurrence subjected mater of FIR No. Except the accused Ghulam Sarwar Bhand none else opted for...","02 - k of 2019 occurrence, beside four empties of pistol 30 - bore and one live bullet from the place of occurrence, took the same into custody and sealed vide mashirnamas, he also inspected the place of occurrence subjected mater of FIR No. Except the accused Ghulam Salwar Band none else opted for..."
Copy of JUDG__9366,"Abdul Aziz P.W.5 for taking the same to the officer of the Chemical Examiner,Lahore and the said F.C.Abdul Aziz delievered the same intact there.","Abdul Aziz P.W.5 for taking the same to the officer of the Chemical Examiner, Lahore and the said F.C. Abdul Aziz delivered the same intact there."
Copy of JUDG__29,"Azmat Hayat Khan, who was a civil servant in the Government of Pakistan and died during the tenure of his service as Chief Meteorologist Director in the department of Respondent No.2. 2. In view of the above, the instant Shariat Petition being not maintainable was dismissed in limine vide short...","HAZMAT Hayey Khan, who was a civil servant in the Government of Pakistan and died during the tenure of his service as Chief Meteorologist Director in the department of Respondent No.2. 2. In view of the above, the instant Sharia Petition being not maintainable was dismissed in liming vide short..."
Copy of JUDG__21,Making reference to the site plan it was maintained that one of the injured was shown in the site plan which supports version of prosecution. IQBAL HAMEEDUR RAHMAN CHIEF JUSTICE JUSTICE KHADIM HUSSAIN M. SHAIKH JUDGE Dated 20.11.2024 Ajmal,Making reference to the site plan it was maintained that one of the injured was shown in the site plan which supports version of prosecution. IQBAL HAMMER RAHMAN CHIEF JUSTICE KARIM HUSSAIN M. SHAIKH JUDGE Dated 20.11.2024 Akmal
Copy of JUDG__9542,"It may also be pointed out that although both the witnesses are supposed to have seen the appellants together at the same time whereas P.W. However , in his cross examination the witness had wntada that. Mst.","It may also be pointed out that although both the witnesses are supposed to have seen the appellants together at the same time whereas P.W. However, in his cross - examination the witness had Nada that. MST."
Copy of JUDG__92,"The appeal preferred against the said judgment was also dismissed hence the captioned Revision Petition has been filed to set aside the concurrent findings of learned lower courts on facts and grounds averred therein. 8. Mr. He is on bail, his bail bonds stand discharged and the surety is absolved...","The appeal preferred against the said judgment was also dismissed hence the captioned Revision Petition has been filed to set aside the concurrent findings of learned lower courts on facts and grounds averred therein. 8. Mr. He is on bail, his bail bonds stand discharged, and the surety is absolved..."
Copy of JUDG__105,"Appeal No.28I of 2018 Cr. Aamur Sabir, learned counsel appearing on behalf of appellant Zain ul Abideen alias Zain inter-alia contended that the occurrence has not been witnessed by anyone and the entire case 1s based on circumstantial evidence in the form of confessional statement of appellants Zain ul Abideen...","Appeal No.28I of 2018 Cr. Amur Saber, learned counsel appearing on behalf of appellant Zain UL Abideen alias Zain intervalic contended that the occurrence has not been witnessed by anyone and the entire case 1s based on circumstantial evidence in the form of confessional statement of appellants Zain UL Abideen..."
Copy of JUDG__73,"MUHAMMAD IRFAN KHAN DATE OF INSTITUTION iso Sd.12 2020 OF PETITION DATE OF HEARING ... 02.06 2021 DATE OF ORDER 25,10,2021 Shartat Petition No 02I of 2021 ORDER DR. Pre-trial proceedings - 1 When the written statement is filed, the Court shall fix an early date for a pre-trial hearing...","MUHAMMAD IRAN KHAN DATE OF INSTITUTION ISO SD.12 2020 OF PETITION DATE OF HEARING... 02.06 2021 DATE OF ORDER 25,10, 2021 Sparta Petition No 02I of 2021 ORDER DR. Pre - trial proceedings - 1 When the written statement is filed, the Court shall fix an early date for a pre - trial hearing..."
Copy of JUDG__20,"The complaint was adjudicated upon by the Additional Sessions Judge, Kandiaro and dismissed the same vide impugned order dated 24.02.2022.","The complaint was adjudicated upon by the Additional Sessions Judge, Landmark and dismissed the same vide impugned order dated 24.02.2022."
Copy of JUDG__60,"PW.3, in his examination in chief, stated that two empties shells were collected from the venue but in crossexamination admitted that Jt is correct to suggest that police officer did not recover empty bullets from place of incident in my presence. The delay in the FIR does not affect the...","PW.3, in his examination in chief, stated that two empties shells were collected from the venue but in cross - examination admitted that JT is correct to suggest that police officer did not recover empty bullets from place of incident in my presence. The delay in the FIR does not affect the..."
Copy of JUDG__15,"SYED MUHAMMAD ANWER, JUDGE JUSTICE AMEER MUHAMMAD KHAN, JUDGE SHARIAT PETITION NO.01-I OF 2024 Fayyaz Ali Khan son of Hakeem Dad Khan, Ro Al Fayyaz Pak International, House No.18, Main Bazar Karamat Colony, Wahdat Road, Lahore. SYED MUHAMMAD ANWER JUDGE AMEER MUHAMMAD KHAN JUDGE Dated23.04.2024 Ajmal Approved for Reporting","SYED MUHAMMAD ANSWER, JUDGE JUSTICE AMBER MUHAMMAD KHAN, JUDGE SHARIA PETITION NO.01 - I OF 2024 Ayaz Ali Khan son of Hakeem Dad Khan, RO Al Ayaz PAK International, House No.18, Main Bazaar Kara mat Colony, What Road, Lahore. SYED MUHAMMAD ANSWER JUDGE AMBER MUHAMMAD KHAN JUDGE Dated23.04.2024 Akmal Approved for Reporting"
Copy of JUDG__39,Chu i cob y mS Rishe ba 45 Siege Me 7 wisp ig eS Ole NESS Las SL oA Ste a Val ex IS Siz She J SF wee a8 ltl 6 Cou OF 62 SSS Si bie UPS IM Pe Suz GZ Gedl VislFLb We SCS Suz Set Cue...,Chu i cob y ms Rise BA 45 Siege Me 7 wisp IG ES Ole NESS Las SL a Ste a Val ex IS Six She J SF wee a8 LTL 6 COU OF 62 SSS Si BIE UPS I 'm Pe Sub GO Gel Visible We SCS Sub Set Cue...
Copy of JUDG__43,"To prove its case, the prosecution examined PW.1 complainant ASI Muhammad Siddique at Ex.3, who produced entry No.8, memo of arrest recovery and FIR at Exs.3A, 3B and 3C respectively PW.2 mashir HC CRIMINAL REVISION NO.02-K OF 2022 Kashif Ali Channa Vs. From a perusal of the record, it would...","To prove its case, the prosecution examined PW.1 complainant ASI Muhammad Kiddie at Ex.3, who produced entry No.8, memo of arrest recovery and FIR at Ex's.3A, 3B and 3C respectively PW.2 masher HC CRIMINAL REVISION NO.02 - K OF 2022 Kashmir Ali Hanna Vs. From a perusal of the record, it would..."
Copy of JUDG__2,"There is nofindings of the learned Civil Court regarding the allegation of Zina or illicit relationship of the complainant with strangers. Making reference to the suit for maintenance by the petitioner in the Family Court, Okara, it was submitted that the learned Family Judge in his order has observed that...","There is no findings of the learned Civil Court regarding the allegation of Zina or illicit relationship of the complainant with strangers. Making reference to the suit for maintenance by the petitioner in the Family Court, Kara, it was submitted that the learned Family Judge in his order has observed that..."
Copy of JUDG__68,"Then the prosecution closed its side vide statement of the learned ADPP at Ex.16. Learned Advocate for appellants has mainly contended that the F.I.R was delayed by 12 days without proper explanation thereof, which is fatal to the prosecution case that there are material contradictions in the evidence led by...","Then the prosecution closed its side vide statement of the learned ADP at Ex.16. Learned Advocate for appellants has mainly contended that the F.I.R was delayed by 12 days without proper explanation thereof, which is fatal to the prosecution case that there are material contradictions in the evidence led by..."
Copy of JUDG__50,"SYED MUHAMMAD ANWER, ACTING CHIEF JUSTICE MR. SYED MUHAMMAD ANWER ACTING CHIEF JUSTICE MR. JUSTICE KHADIM HUSSAIN M. SHAIKH Announced in Open Court on 21.11.2022, at Islamabad. Khalid","SYED MUHAMMAD ANSWER, ACTING CHIEF JUSTICE MR. SYED MUHAMMAD ANSWER ACTING CHIEF JUSTICE MR. JUSTICE KARIM HUSSAIN M. SHAIKH Announced in Open Court on 21.11.2022, at Islamabad. Khalid"
Copy of JUDG__11,"AbidSaeedbaig, Secretary Rtrd, Provincial Quality Control Board, Punjab Respondents Counsel for Petitioners Haji Mushtaq Ahmed Attari, Qadri, Rizvi, Ziyai, Advocate Date of Institution 07.03.2023 Date of Hearing 23.01.2024 Date of Judgment 24.01.2024 UDGMENT IQBAL HAMEEDUR RAHMAN-C.The Petitioners seekacceptance of instant Shariat Miscellaneous Application with prayer to allow them to make...","AbidSaeedbaig, Secretary FTRD, Provincial Quality Control Board, Punjab Respondents Counsel for Petitioners Heidi Must Ahmed Atari, Madrid, Ravi, Sinai, Advocate Date of Institution 07.03.2023 Date of Hearing 23.01.2024 Date of Judgment 24.01.2024 JUDGMENT IQBAL HAMMER RAHMAN - C. The Petitioners seek acceptance of instant Sharia Miscellaneous Application with prayer to allow them to make..."
Copy of JUDG__4,Sassi Hizbullah and respondent Junaid Ahmad Khan were married on 10.01.2020 according to Islamic Sharia. The learned Advocate for the petitioner has mainly contended that the respondent by leveling false allegations of zina against the petitioner in writing and oral in various matters in the Court proceedings and also before...,Sassy Hezbollah and respondent Jun aid Ahmad Khan were married on 10.01.2020 according to Islamic Sharia. The learned Advocate for the petitioner has mainly contended that the respondent by leveling false allegations of zinc against the petitioner in writing and oral in various matters in the Court proceedings and also before...
Copy of JUDG__36,"sua asa Respondents 79 9 99 9 9 8 8 Od 98S For the petitioner .... Nemo Date of receipt of Sh.Petition ..... 27.01.2021 Date of hearing vee 17.12.2021 Date of Judgment wee 13.01.2022 979797 979797979799 9 99 9 8 Shariat Petition No.3I of 2021 JUDGMENT MUHAMMAD NOOR MESKANZAI, C.J---...","SUA ASA Respondents 79 9 99 9 8 OD 98S For the petitioner.... Nemo Date of receipt of Sh. Petition..... 27.01.2021 Date of hearing see 17.12.2021 Date of Judgment wee 13.01.2022 979797 979797979799 9 99 9 8 Sharia Petition No.3I of 2021 JUDGMENT MUHAMMAD NOOR MESKANZAI, C. J---..."
Copy of JUDG__7486,"He any other culprits made confession before -him. Hazrat Umar executed five or seven persons in retaliation of a single person, whom they had killed treacherously. J. the bs Re ABDUL RAHMAN Judge Judge","He any other culprits made confession before -him. HAZMAT Umar executed five or seven persons in retaliation of a single person, whom they had killed treacherously. J. the BS Re ABDUL RAHMAN Judge"
Copy of JUDG__5,"02-k of 2019 occurrence, beside four empties of pistol 30-bore and one live bullet from the place of occurrence, took the same into custody and sealed vide mashirnamas, he also inspected the place of occurrence subjected mater of FIR No. Except the accused Ghulam Sarwar Bhand none else opted for...","02 - k of 2019 occurrence, beside four empties of pistol 30 - bore and one live bullet from the place of occurrence, took the same into custody and sealed vide mashirnamas, he also inspected the place of occurrence subjected mater of FIR No. Except the accused Ghulam Salwar Band none else opted for..."
Copy of JUDG__9697,The commentaries in which the concept of dominion or sovereignty is advanced appear to be based upon the old conceptual trends.,The commentaries in which the concept of dominion or sovereignty is advanced appear to be based upon the old conceptual trends.
Copy of JUDG__80,"The accusedrespondent did not opt to enter the witness box nor proposed to produce any defence witness. Unlike other criminal cases, in Qazf the honour, reputation, respect, social norms and values associated with the victim and her whole family are deeply involved. SYED MUHAMMAD ANWER JUSTICE MUHAMMAD NOOR MESKANZAIT CHIEF...","The accused respondent did not opt to enter the witness box nor proposed to produce any defense witness. Unlike other criminal cases, in AZF the honor, reputation, respect, social norms and values associated with the victim and her whole family are deeply involved. SYED MUHAMMAD ANSWER JUSTICE MUHAMMAD NOOR MESKANZAIT CHIEF..."
Copy of JUDG__12,"THE STATE 2017 SCMR 486, wherein the Hon ble Supreme Court of Pakistan has held that There is a long line of authoritiesprecedents of this Court and the High Courts that even one or two days unexplained delay in recording the statements of eye witnesses would be fatal and testimony...","THE STATE 2017 SCMR 486, wherein the Hon BLE Supreme Court of Pakistan has held that There is a long line of authorities precedents of this Court and the High Courts that even one or two days unexplained delay in recording the statements of eyewitnesses would be fatal and testimony..."
Copy of JUDG__24,But the men have a degree over them in responsibility and authority. This relation is not restricted and limited to sexual relationship only. SYED MUHAMMAD ANWER ACTING CHIEF JUSTICE,But the men have a degree over them in responsibility and authority. This relation is not restricted and limited to sexual relationship only. SYED MUHAMMAD ANSWER ACTING CHIEF JUSTICE
Copy of JUDG__83,Succinct story of the prosecution is that on 25.01.2016 police party headed by Bashir Ahmad S.H.O. JUSTICE SHAUKAT ALI RAKHSHANI JUSTICE SYED MUHAMMAD FAROOQ SHAH JUDGE JUDGE Peshawar the 27 November of 2019 M.Ajmal . of 4,Succinct story of the prosecution is that on 25.01.2016 police party headed by Bashir Ahmad S.H.O. JUSTICE SHANKAR ALI PAKISTANI JUSTICE SYED MUHAMMAD FAROOQ SHAH JUDGE Peshawar the 27 November 2019 M. Ajmal. Of 4
Copy of JUDG__90,"However, deceased had been succeeded to snatch the said pistol from the culprit accused. Another eye witness PW Asif Khan had been abandoned being unnecessary witness through joint statement made by Mr.","However, deceased had been succeeded to snatch the said pistol from the culprit accused. Another eyewitness PW Asif Khan had been abandoned being unnecessary witness through joint statement made by Mr."
Copy of JUDG__95,It is alleged in the F.I.R Exh.PA that the driver of the said Flying Coach claimed the ownership of said narcotics. Submissions made by Mr.,It is alleged in the F.I.R Ex. PA that the driver of the said Flying Coach claimed the ownership of said narcotics. Submissions made by Mr.
Copy of JUDG__8036,"not provide for such a right to concerned department of the Provincial Government or to the Federal Government or its department concerned, It is further submitted that Section. It is also agitated that Section 54 of the sald Act does not provide any right of appeal to the Federal Government...","Not provide for such a right to concerned department of the Provincial Government or to the Federal Government or its department concerned, It is further submitted that Section. It is also agitated that Section 54 of the said Act does not provide any right of appeal to the Federal Government..."
Copy of JUDG__70,Appeal No.9I of 2020 not locked yet despite knocking for a considerable time the same was not opened. JUSTICE MUHAMMAD NOOR MESKANZAI CHIEF JUSTICE,Appeal No.9I of 2020 not locked yet despite knocking for a considerable time the same was not opened. JUSTICE MUHAMMAD NOOR MESKANZAI CHIEF JUSTICE
Copy of JUDG__46,sun Gs 2S a cob Us Gs -S DJA a Sok oe ub Gs Ge Soe 2016 ai 4I toael Cublowe je Cay yd 2017 4 7I rose GSlane ye Saag yd 2019 ai 4I rose GSlane ye Saag yd 2020 ui 3I posal CuSlawe je Cay yd 11 cS...,Sun Gs 2S a cob Us Gs -S DA a So OE UB Gs Ge SOE 2016 AI 4I towel Cubone JE Cay yd 2017 4 7I rose GS lane ye Sang yd 2019 AI 4I rose GS lane ye Sang yd 2020 UI 3I postal Cuspate JE Cay yd 11 CS...
Copy of JUDG__63,"vide order dated 19.04.2010. 7. Appeal No.05-K of 2018 before this Court and after hearing the said appeal vide judgment dated 10.10.2019, the case was remanded back by this Court to the learned Trial Court for conducting de-novo proceedings after framing of charge. 8. SYED MUHAMMAD ANWER JUSTICE MUHAMMAD NOOR...","Vide order dated 19.04.2010. 7. Appeal No.05 - K of 2018 before this Court and after hearing the said appeal vide judgment dated 10.10.2019, the case was remanded back by this Court to the learned Trial Court for conducting Lenovo proceedings after framing of charge. 8. SYED MUHAMMAD ANSWER JUSTICE MUHAMMAD NOOR..."
Copy of JUDG__66,"After completing the investigation, final report under Section 173 of The Code was submitted wherein the name of appellant Muhammad Yousif was placed in Column No.2, finding him innocent. The learned counsel for appellants Ali Khan, Mour and Ahmed Ali alias Fouji adopting the arguments advanced by the Jail Criminal...","After completing the investigation, final report under Section 173 of The Code was submitted wherein the name of appellant Muhammad Yousuf was placed in Column No.2, finding him innocent. The learned counsel for appellants Ali Khan, Four and Ahmed Ali alias Fuji adopting the arguments advanced by the Jail Criminal..."
Copy of JUDG__4998,"About age of appellant Nasreen Akhtar, there is a Part of medical evidence which is, at the first sight, in conflict with the above-mentioned Ex,P.H. It is correct the Radio Grapher took X-ray were not taken in my presence.It is correct that certificate Ex.DWA is based on the report of...","About age of appellant Nasreen Akhtar, there is a Part of medical evidence which is, at the first sight, in conflict with the above - mentioned Ex, P.H. It is correct the Radio Graphed took X - ray were not taken in my presence. It is correct that certificate Ex. DA is based on the report of..."
Copy of JUDG__88,"Mian Qamar Gul Kakakhel, learned counsel representing the appellant argued that on the same set of evidence, five co-accused had been acquitted by the learned trial Court and on the strength of identical evidence the appellant has been convicted and sentenced, without independent and strong corroboratory evidence brought against him....","Main Qatar GUL Kazakh, learned counsel representing the appellant argued that on the same set of evidence, five co - accused had been acquitted by the learned trial Court and on the strength of identical evidence the appellant has been convicted and sentenced, without independent and strong corroboratory evidence brought against him...."
Copy of JUDG__8,"Appeal No.51 of 2024 and Crl. The Trial Court is directed to decide the case within the period of three 03 months, positively. JUSTICE DR. SYED MUHAMMAD ANWER JUDGE JUSTICE IQBAL HAMEEDUR RAHMAN CHIEF JUSTICE JUSTICE AMEER MUHAMMAD KHAN JUDGE Announced in Open Court on 30.05.2025, at Islamabad. Khalid","Appeal No.51 of 2024 and CRL. The Trial Court is directed to decide the case within the period of three 03 months, positively. JUSTICE DR. SYED MUHAMMAD ANSWER JUDGE JUSTICE IQBAL HAMMER RAHMAN CHIEF JUSTICE AMBER MUHAMMAD KHAN JUDGE Announced in Open Court on 30.05.2025, at Islamabad. Khalid"
Copy of JUDG__30,ploy dyle dhl pe. SYED MUHAMMAD ANWER ACTING CHIEF JUSTICE JUSTICE KHADIM HUSSAIN M. SHAIKH JUDGE Khalid APPROVED FOR REPORTING. JUSTICE DR. SYED MUHAMMAD ANWER ACTING CHIEF JUSTICE,Ploy Dale DHL pe. SYED MUHAMMAD ANSWER ACTING CHIEF JUSTICE KARIM HUSSAIN M. SHAIKH JUDGE Khalid APPROVED FOR REPORTING. JUSTICE DR. SYED MUHAMMAD ANSWER ACTING CHIEF JUSTICE
Copy of JUDG__18,"Tahira Bibi, Muhammad Kashif and his brother Rashid Ali were again conducted but again its report came negative . IQBAL HAMEEDUR RAHMAN CHIEF JUSTICE DR. SYED MUHAMMAD ANWER JUDGE Dated 29.02.2024 Ajmal Approved for reporting. CHIEF JUSTICE","Third Bibi, Muhammad Kashmir and his brother Rashid Ali were again conducted but again its report came negative. IQBAL HAMMER RAHMAN CHIEF JUSTICE DR. SYED MUHAMMAD ANSWER JUDGE Dated 29.02.2024 Akmal Approved for reporting. CHIEF JUSTICE"
Copy of JUDG__55,"vide order dated 19.04.2010. 7. Appeal No.05-K of 2018 before this Court and after hearing the said appeal vide judgment dated 10.10.2019, the case was remanded back by this Court to the learned Trial Court for conducting de-novo proceedings after framing of charge. 8. SYED MUHAMMAD ANWER JUSTICE MUHAMMAD NOOR...","Vide order dated 19.04.2010. 7. Appeal No.05 - K of 2018 before this Court and after hearing the said appeal vide judgment dated 10.10.2019, the case was remanded back by this Court to the learned Trial Court for conducting Lenovo proceedings after framing of charge. 8. SYED MUHAMMAD ANSWER JUSTICE MUHAMMAD NOOR..."
Copy of JUDG__71,He recorded the statements of witnesses under Section 161 Cr.P.C. accused Muhammad Fazil showed his willingness to sleep in the room of the complainantdeceased. SYED MUHAMMAD ANWER JUSTICE MUHAMMAD NOOR MESKANZAI CHIEF JUSTICE Announced in Open Court On 30.04.2021 at Islamabad. Mubashir,He recorded the statements of witnesses under Section 161 Cr. P.C. accused Muhammad Fail showed his willingness to sleep in the room of the complainant deceased. SYED MUHAMMAD ANSWER JUSTICE MUHAMMAD NOOR MESKANZAI CHIEF JUSTICE Announced in Open Court On 30.04.2021 at Islamabad. Bashir
Copy of JUDG__31,"That pursuant to hearing the arguments of the petitioner at length, we had dismissed the petition in hand vide our short order dated 19.09.2023. In following Hadith, an incident of Habibah bint Sahl RA, who was another wife of Thabit bin Qais RA is narrated, which is also reported in...","That pursuant to hearing the arguments of the petitioner at length, we had dismissed the petition in hand vide our short order dated 19.09.2023. In following Hadith, an incident of Habitat bit Sail RA, who was another wife of Habit bin Dais RA is narrated, which is also reported in..."
Copy of JUDG__86,Khadim Sheedi fired from his pistol at my brother Uris as a result thereof he fell down on the ground. JUSTICE MUHAMMAD NOOR MESKANZAI CHIEF JUSTICE,Karim Speed fired from his pistol at my brother Uri 's as a result thereof he fell down on the ground. JUSTICE MUHAMMAD NOOR MESKANZAI CHIEF JUSTICE
Copy of JUDG__41,"Since the impugned judgment has been set aside, therefore, the Revision petition No.2P of 2020 filed by the complainant has become infructuous. The penultimate paragraphs of the said judgment for the sake of convenience are reproduced here 10.","Since the impugned judgment has been set aside, therefore, the Revision petition No.2P of 2020 filed by the complainant has become unfructuous. The penultimate paragraphs of the said judgment for the sake of convenience are reproduced here 10."
Copy of JUDG__53,"2s Government of Punjab, through its Secretary Law and Parliamentary Affairs, Law and Parliamentary Affairs Department, Civil Secretariat, Lahore. Learned counsel further argued litigation of a case involving the petitioners and argued that the orders passed by the courts below, including the Lahore High Court, are erroneous in nature and...","2s Government of Punjab, through its Secretary Law and Parliamentary Affairs, Law and Parliamentary Affairs Department, Civil Secretariat, Lahore. Learned counsel further argued litigation of a case involving the petitioners and argued that the orders passed by the courts below, including the Lahore High Court, are erroneous in nature and..."
Copy of JUDG__6657,P.W.3 Khuda Bakhsh ASI and P.W.4 Rustam Ali Sub Inspector of Special Branch were both witnesses of the recovery of the heroin from the polythene bag which was found in the possession of the appellant.,P.W.3 Kinda Baths ASI and P.W.4 RUSTA Ali Sub Inspector of Special Branch were both witnesses of the recovery of the heroin from the polythene bag which was found in the possession of the appellant.
Copy of JUDG__51,"Learned Additional Prosecutor General, Sindh has mainly contended that the prosecution by examining 08 witnesses and producing all the necessary documents including postmortem report, MLCs, memos of place of vardhat, recovery of empties, danistnama, sketches, arrest of the appellant and blood stained clothes of the deceased etc, has proved its...","Learned Additional Prosecutor General, Sindh has mainly contended that the prosecution by examining 08 witnesses and producing all the necessary documents including postmortem report, MLCs, memos of place of Vardar, recovery of empties, danistnama, sketches, arrest of the appellant and blood stained clothes of the deceased etc., has proved its..."
Copy of JUDG__104,"In default of payment of the compensation, the accused shall further suffer imprisonment for period of six months while Said amount of compensation shall be recoverable as arrears of land revenue.","In default of payment of the compensation, the accused shall further suffer imprisonment for period of six months while Said amount of compensation shall be recoverable as arrears of land revenue."
Copy of JUDG__45,"Gibran as PW.4 at Ex.11, who produced provisional and final Medico Legal Certificates of injured Asad at Ex.11A and Ex.11B police letter of injured Bashir at Ex.11C, provisional Medico Legal Certificate of injured Bashir at Ex.11D Dr. JUSTICE KHADIM HUSSAIN M.SHAIKH JUDGE JUSTICE DR. SYED MUHAMMAD ANWER ACTING CHIEF JUSTICE...","Gibran as PW.4 at Ex.11, who produced provisional and final Medico Legal Certificates of injured Sad at Ex.11A and Ex.11B police letter of injured Bashir at Ex.11C, provisional Medico Legal Certificate of injured Bashir at Ex.11D Dr. JUSTICE KARIM HUSSAIN M.SHAIKH JUDGE JUSTICE DR. SYED MUHAMMAD ANSWER ACTING CHIEF JUSTICE..."
Copy of JUDG__65,"Appeal No.23K of 2018 the convicts jointly preferred Jail Cr. The State and Cr. JUSTICE MUHAMMAD NOOR MESKANZAI CHIEF JUSTICE Dated, Islamabad, the 4 June, 2021 Imran","Appeal No.23 K of 2018 the convicts jointly preferred Jail Cr. The State and Cr. JUSTICE MUHAMMAD NOOR MESKANZAI CHIEF JUSTICE Dated, Islamabad, the 4 June 2021 Imran"
Copy of JUDG__34,The right to file a complaint against the husband by a woman before the competent authority does very clearly and strongly exists in Islam according to the injunctions of Islam.,The right to file a complaint against the husband by a woman before the competent authority does very clearly and strongly exists in Islam according to the injunctions of Islam.
Copy of JUDG__22,"The present appellant was arrested by PW-4 Muhammad Sher ASI on 22.11.2022 and he submitted the report under Section 173 Cr.P.C, thereafter the formalities were completed and on 28.01.2023 the present appellant was charged sheeted for the abduction of said Shamim Akhtar for commission of illicit intercourse and applied sections...","The present appellant was arrested by PW-4 Muhammad Her ASI on 22.11.2022, and he submitted the report under Section 173 Cr. P. C, thereafter the formalities were completed and on 28.01.2023 the present appellant was charged sheeted for the abduction of said Shame Akhtar for commission of illicit intercourse and applied sections..."
Copy of JUDG__59,"nor produced any evidence in his defence. 7. The trial court shall complete this process within a span of two months after receipt of this judgment under intimation to this Court. JUSTICE DR. SYED MUHAMMAD ANWER JUSTICE KHADIM HUSSAIN M. SHAIKH Announced in Open Court Islamabad the 05 May, 2021....",Nor produced any evidence in his defense. 7. The trial court shall complete this process within a span of two months after receipt of this judgment under intimation to this Court. JUSTICE DR. SYED MUHAMMAD ANSWER JUSTICE KARIM HUSSAIN M. SHAIKH Announced in Open Court Islamabad the 05 May 2021....
Copy of JUDG__87,"Seeking help from the Ratio of a case, decided by learned Sindh High Court, it was argued that words attributed clearly suggest illicit liaison within the meaning of Section 4 of Ordinance VII of 1979. Before examining the moot point, one has to dilate upon the definitions of Qazf and...","Seeking help from the Ratio of a case, decided by learned Sindh High Court, it was argued that words attributed clearly suggest illicit liaison within the meaning of Section 4 of Ordinance VII of 1979. Before examining the moot point, one has to dilate upon the definitions of AZF and..."
Copy of JUDG__82,with Nabi Kareem S A W. prohibited such marriages. SYED MUHAMMAD ANWER JUSTICE KHADIM HUSSAIN M. SHAIKH Announced in open Court On 25.10.2021 at Islamabad oe peor bet,With Nazi Kareem S A W. prohibited such marriages. SYED MUHAMMAD ANSWER JUSTICE KARIM HUSSAIN M. SHAIKH Announced in open Court On 25.10.2021 at Islamabad OE poor bet
Copy of JUDG__93,"He maintained that he was called and beaten by complainant P.W.1 and his brother Akhtar, advancing threats to kill him. SHAUKAT ALI RAKHSHANI JUDGE MEHMOOD MAQBOOL BAJWA JUDGE SYED MUHAMMAD FAROOQ SHAH JUDGE Islamabad, 4th of February,2019 M.Akram","He maintained that he was called and beaten by complainant P.W.1 and his brother Akhtar, advancing threats to kill him. SHANKAR ALI PAKISTANI JUDGE MAHMOOD MacBook BAJA JUDGE SYED MUHAMMAD FAROOQ SHAH JUDGE Islamabad, 4th of February 2019 M. Akram"
Copy of JUDG__58,"At the trial, the prosecution examined in all 10 PWs and after closure of the prosecution side, the statement of the respondent was recorded under Section 342, Cr.P.C, wherein he denying the prosecution allegations, professed his innocence and false implication in the subject case. JUSTICE KHADIM HUSSAIN M. SHAIKH JUDGE...","At the trial, the prosecution examined in all 10 PWs and after closure of the prosecution side, the statement of the respondent was recorded under Section 342, Cr. P. C, wherein he 's denying the prosecution allegations, professed his innocence and false implication in the subject case. JUSTICE KARIM HUSSAIN M. SHAIKH JUDGE..."
Copy of JUDG__37,"Banking Companies Recovery of Loans Ordinance, 1979. 4. The Shariat Appellate Bench of the Supreme Court directed certain special departments to be established within the State Bank. JUSTICE MUHAMMAD NOOR Chief Justice Announced in Open Court On 28-04-2022 at Islamabad. Imran","Banking Companies Recovery of Loans Ordinance, 1979. 4. The Sharia Appellate Bench of the Supreme Court directed certain special departments to be established within the State Bank. JUSTICE MUHAMMAD NOOR Chief Justice Announced in Open Court On 28 - 04 - 2022 at Islamabad. Imran"
Copy of JUDG__72,"Earlier, both the parties feeling aggrieved with the judgment dated 11.07.2020 filed appeal and revision petition. The respondent did not raise any objection on the charge when it was framed by the learned trial Court and answered by the accused, which, of course, was a proper juncture for any objection.","Earlier, both the parties feeling aggrieved with the judgment dated 11.07.2020 filed appeal and revision petition. The respondent did not raise any objection on the charge when it was framed by the learned trial Court and answered by the accused, which, of course, was a proper juncture for any objection."
Copy of JUDG__79,after more than 21 days of incident and 10 days of the F.I.R without any plausible explanation thereof. In the wake of the afore-mentioned unexplained inordinate delay in lodgment of the F.I.R and in recording statement under Section 161 Cr.P.C of the alleged solitary eye witness P.W.4 injured Imran Ali...,After more than 21 days of incident and 10 days of the F.I.R without any plausible explanation thereof. In the wake of the afore - mentioned unexplained inordinate delay in lodgment of the F.I.R and in recording statement under Section 161 Cr. P. C of the alleged solitary eyewitness P.W.4 injured Imran Ali...
Copy of JUDG__97,"P.W.8 Fazal Ghafoor, S.I was entrusted with the investigation of the case, who rushed to the hospital, secured white cloth chadar through recovery memo Ex.P.W.81, duly handed over by P.W.10 Dr.Inam Ullah, whereafter he went to the crime scene and prepared site planEx.P.W.82. On 16.3.2016 the owner of the vehicle...","P.W.8 Fatal Harbor, S.I. was entrusted with the investigation of the case, who rushed to the hospital, secured white cloth chador through recovery memo Ex. P.W.81, duly handed over by P.W.10 Dr. Inam Allah, thereafter he went to the crime scene and prepared site plane. P.W.82. On 16.3.2016 the owner of the vehicle..."
Copy of JUDG__40,"The State 6. I have carefully considered the submissions of the learned Counsel for the applicants, and the learned Addl. JUSTICE KHADIM HUSSAIN M.SHAIKH JUDGE khurram","The State 6. I have carefully considered the submissions of the learned Counsel for the applicants, and the learned Add. JUSTICE KARIM HUSSAIN M.SHAIKH JUDGE hurrah"
Copy of JUDG__9698,"thax to adopt these restrictions as respectfVany Highway to which section 8 is not applicable after publicatio of public notices inviting objections and the sanction of the government. Like other provisions already noticed for the compensation of damage, sub-Section2of Section 17 states that the Highway Authority shall pay compensation to...","That to adopt these restrictions as respectively Highway to which section 8 is not applicable after publication of public notices inviting objections and the sanction of the government. Like other provisions already noticed for the compensation of damage, sub - Section2of Section 17 states that the Highway Authority shall pay compensation to..."
Copy of JUDG__102,"This 1s not a bald assertion on behalf of the witness as the facts were incorporated by him in Rapt No 22 at 2035 hours We have gone through the contents of Rapt No 22 Ex.14-A, which was entered at 20 35 hours. formulated following points amongst others to be...","This 1s not a bald assertion on behalf of the witness as the facts were incorporated by him in Rapt No 22 at 2035 hours We have gone through the contents of Rapt No 22 Ex.14 - A, which was entered at 20 35 hours. Formulated following points amongst others to be..."
Copy of JUDG__42,"However, while going through the record for writing judgment, we found some irregularities in the statements of the appellants under Section 342 of The Code.","However, while going through the record for writing judgment, we found some irregularities in the statements of the appellants under Section 342 of The Code."
Copy of JUDG__14,"Through instant Shariat Petition the petitioner challenges section 176A of the Pakistan Army Act, 1952 whereby she prayed that ADS 9 S176A SH 861952 Gash aT OSU pI 1 GIS AS Sige Cup Oly slaw Ade CS Chmdl Cpa gaye sk AS 9m gS Ul gety Cle Lo gS Gel...","Through instant Sharia Petition the petitioner challenges section 176A of the Pakistan Army Act, 1952 whereby she prayed that ADS 9 S176A SH 861952 Gash at OSU pi 1 GIS AS Side Cup Only law Ade CS Child CPA Gaye SK AS 9 m GS UL get CLE Lo GS Gel..."
Copy of JUDG__19,"Tazim Akhter, wife of Arshad Mehmood. to confirm the assertion made by these two witnesses who according to both the courts below are the witnesses of ocular account.","Tarim Akhtar, wife of Ar shad Mahmood. To confirm the assertion made by these two witnesses who according to both the courts below are the witnesses of ocular account."
Copy of JUDG__32,"Hence, in the light of this direction of Allah it was the practice of the Holy Prophet SAW that usually he heard and sought different opinions from different persons or different groups of persons before arriving at a final decision concerning the administrative affairs of the government. 6. For the...","Hence, in the light of this direction of Allah it was the practice of the Holy Prophet SAW that usually he heard and sought different opinions from different persons or different groups of persons before arriving at a final decision concerning the administrative affairs of the government. 6. For the..."
Copy of JUDG__61,"Sakeena Bibi, an adult Muslim girl, contracted Nikah with Syed Mushahid Hussain petitioner No.2 in his house with her consent and freewill on 18.05.2015. ii That before the solemnization of Nikah on 18.05.2015, the parents of Syed Mushahid Hussain petitioner No.2 formally asked the hand of Mst. After refusal, the...","Sheena Bibi, an adult Muslim girl, contracted Nika with Syed Shahid Hussain petitioner No.2 in his house with her consent and freewill on 18.05.2015. Ii That before the solemnization of Nika on 18.05.2015, the parents of Syed Shahid Hussain petitioner No.2 formally asked the hand of MST. After refusal, the..."
Copy of JUDG__38,25 74 My Lord ot J oll SRY i gt at yn at ps alla pla 1S S055 oS AB cob GS Gb LS ba Ge 65 Le Spel -10 SSN gie eg gluse nl ap IS GLb a Ga WS ald Gaal Oo bl Lge Sona Jae mill Ga...,25 74 My Lord OT J all DRY i GT at in at PS alley PLA 1S S055 OS AB cob GS Gb LS BA Ge 65 Le Spell -10 SSN GIE e.g. glue NL ap IS Lb a Ga WS ALD Goal OO by Age Son Joe mill Ga...
Copy of JUDG__101,"Case FIR No, date -- No.317 dated 17.07.2013 Police Station. For the sake of convenience, penultimate paragraph 4 of impugned order is reproduced hereinbelow The record shows that no identification parade of the accused from the complainant has been conducted so far.","Case FIR No, date -- No.317 dated 17.07.2013 Police Station. For the sake of convenience, penultimate paragraph 4 of impugned order is reproduced herein below The record shows that no identification parade of the accused from the complainant has been conducted so far."
Copy of JUDG__81,It was contended that the provision of Sections 7 25 of the Act are used to be pressed into service just to deprive the natural guardian i.e. It was further contended that the father enjoys an absolute right to appoint a nurse for breast feeding of his minor by referring...,It was contended that the provision of Sections 7 25 of the Act are used to be pressed into service just to deprive the natural guardian i.e. It was further contended that the father enjoys an absolute right to appoint a nurse for breastfeeding of his minor by referring...
Copy of JUDG__44,"This position has not been disputed. 172010 at P.S Gheehal Pur offence under Sections 324, 353, 401, 148, 149 PPC FIR No. JUSTICE KHADIM HUSSAIN M. SHAIKH Imran","This position has not been disputed. 172010 at P. S Sheehan PUR offense under Sections 324, 353, 401, 148, 149 PPC FIR No. JUSTICE KARIM HUSSAIN M. SHAIKH Imran"
Copy of JUDG__47,Lubna Bibi during the course of robbery that the appellant himself confessing his guilt voluntarily recorded his confessional statement before the learned Judicial Magistrate-V Peshawar that the recovery of robbed ornaments of gold was made on the pointation of the appellant that the medical evidence is in line with the...,Luna Bibi during the course of robbery that the appellant himself confessing his guilt voluntarily recorded his confessional statement before the learned Judicial Magistrate - V Peshawar that the recovery of robbed ornaments of gold was made on the plantation of the appellant that the medical evidence is in line with the...
Copy of JUDG__96,Then accused persons forcibly tried to snatch complainant's vehicle. Criminal Appeal No.06-Q of 2019 Criminal Appeal No.07-Q of 2019 Crl. Murder Ref. SYED MUHAMMAD ANWER JUSTICE MUHAMMAD NOOR MESKANZAT CHIEF JUSTICE JUSTICE KHADIM HUSSAIN M. SHAIKH Announced in Open Court On 30.04.2021 at Islamabad Mubashir,Then accused persons forcibly tried to snatch complainant 's vehicle. Criminal Appeal No.06 - Q of 2019 Criminal Appeal No.07 - Q of 2019 CRL. Murder Ref. SYED MUHAMMAD ANSWER JUSTICE MUHAMMAD NOOR MESKANZAT CHIEF JUSTICE KARIM HUSSAIN M. SHAIKH Announced in Open Court On 30.04.2021 at Islamabad Bashir
Copy of JUDG__7771,"This implies that justice is to be imparted in full the dispute is to be settled in full without charging anything called as court-fee or call it by any other name. In verse 84 of Surah Hood after commanding the giving of full measure of weight, there is warning for...","This implies that justice is to be imparted in full the dispute is to be settled in full without charging anything called as court - fee or call it by any other name. In verse 84 of Surah Hood after commanding the giving of full measure of weight, there is warning for..."
Copy of JUDG__3,"So far as the subsequent findings of the learned Judge Family Court regarding dissolution of marriage is concerned, the learned trial court can take notice of the same if the petitioner brings any evidence on record in this regard. IQBAL HAMEEDUR RAHMAN CHIEF JUSTICE Announced in open Court Dated 15'May,...","So far as the subsequent findings of the learned Judge Family Court regarding dissolution of marriage is concerned, the learned trial court can take notice of the same if the petitioner brings any evidence on record in this regard. IQBAL HAMMER RAHMAN CHIEF JUSTICE Announced in open Court Dated 15'May,..."
Copy of JUDG__57,Then accused persons forcibly tried to snatch complainant's vehicle. Criminal Appeal No.06-Q of 2019 Criminal Appeal No.07-Q of 2019 Crl. Murder Ref. SYED MUHAMMAD ANWER JUSTICE MUHAMMAD NOOR MESKANZAT CHIEF JUSTICE JUSTICE KHADIM HUSSAIN M. SHAIKH Announced in Open Court On 30.04.2021 at Islamabad Mubashir,Then accused persons forcibly tried to snatch complainant 's vehicle. Criminal Appeal No.06 - Q of 2019 Criminal Appeal No.07 - Q of 2019 CRL. Murder Ref. SYED MUHAMMAD ANSWER JUSTICE MUHAMMAD NOOR MESKANZAT CHIEF JUSTICE KARIM HUSSAIN M. SHAIKH Announced in Open Court On 30.04.2021 at Islamabad Bashir
Copy of JUDG__89,"HDQ-2518, Honda CD70, was forcibly snatched from the Complainant Muhammad Nawaz on gun point by the appellants when he was plying the said motorcycle and PW AftabHussain was sitting on rear seat. Formal charge under section 17 3 of The Offences Against Property Enforcement of Hudood Ordinance, 1979, read with...","HDQ-2518, Honda CD70, was forcibly snatched from the Complainant Muhammad Nawab on gun point by the appellants when he was plying the said motorcycle and PW AftabHussain was sitting on rear seat. Formal charge under section 17 3 of The Offenses Against Property Enforcement of Hudson Ordinance, 1979, read with..."
Copy of JUDG__78,"Brief facts of the case as per F.LR. On the day of occurrence, he along with his elder brother Gul Muhammad deceased, after closing the Bakery shop was proceeding to his home on motorcycle driven by his brother Gul Muhammad while he was seated behind him.","Brief facts of the case as per F.LR. On the day of occurrence, he along with his elder brother GUL Muhammad deceased, after closing the Bakery shop was proceeding to his home on motorcycle driven by his brother GUL Muhammad while he was seated behind him."
Copy of JUDG__35,"Any amount big or small, over the principal, ina contract of loan or debt in ' riba prohibited by the Holy Quran, regardless of whether the loan is taken for the purpose of consumption or for some production activity there is no difference between different types of loans so far...","Any amount big or small, over the principal, Ina contract of loan or debt in ' RIBA prohibited by the Holy Quran, regardless of whether the loan is taken for the purpose of consumption or for some production activity there is no difference between different types of loans so far..."
Copy of JUDG__76,"3L of 2008 was filed by Ambreen Tariq Awan, Advocate in this Court wherein Sections 7, 17 and 27 of the Guardians and Wards Act, 1890 were challenged on the ground that these sections are repugnant to the Injunctions of Holy Quran and the Sunnah of Holy Prophet Peace And...","3L of 2008 was filed by Moreen Tariq Away, Advocate in this Court wherein Sections 7, 17 and 27 of the Guardians and Wards Act, 1890 were challenged on the ground that these sections are repugnant to the Injunctions of Holy Quran and the Sunnah of Holy Prophet Peace And..."
Copy of JUDG__28,Men hove control and responsibilities over women. The World Athletics bans transgender women from taking part in female events.,Men hove control and responsibilities over women. The World Athletics bans transgender women from taking part in female events.
